"","deploymentID","locationID","locationName","latitude","longitude","coordinateUncertainty","deploymentStart","deploymentEnd","setupBy","cameraID","cameraModel","cameraDelay","cameraHeight","cameraDepth","cameraTilt","cameraHeading","detectionDistance","timestampIssues","baitUse","featureType","habitat","deploymentGroups","deploymentTags","deploymentComments","days"
"1","003c9299-5d3c-483d-b403-8986e0d1410a","c284d9ab-d6bb-4014-85d7-d27e2f6ffabd","SK05",53.0576192866,5.8614913769,NA,2023-05-02 09:00:00,2023-05-13 18:57:29,NA,NA,NA,NA,NA,NA,NA,NA,NA,NA,NA,NA,NA,NA,NA,"",11.4149189814815
"2","033c6f2f-58dd-4626-bdc2-c7ff32296148","f7c7435e-3dbc-4c42-ad42-0dafb219418e","SK03",53.0599489211,5.863008639,NA,2023-05-13 12:31:03,2023-05-29 05:38:31,NA,NA,NA,NA,NA,NA,NA,NA,NA,NA,NA,NA,NA,NA,NA,"",15.7135185185185
"3","06455072-5f1c-4f63-9827-9f202136f325","d3b636b4-a64d-4625-99d1-8a0304ed7814","SK09",53.0621554297,5.8658282814,NA,2023-03-26 08:50:33,2023-04-25 17:53:26,NA,NA,NA,NA,NA,NA,NA,NA,NA,NA,NA,NA,NA,NA,NA,"",30.3770023148148
"4","08f1eae6-97df-4e11-af6d-94054d6fe09c","2f0a36b9-746c-4e44-b1bc-e6f7353630ea","SK24",53.0559152384,5.8701167222,NA,2023-03-26 11:56:59,2023-04-17 10:10:35,NA,NA,NA,NA,NA,NA,NA,NA,NA,NA,NA,NA,NA,NA,NA,"",21.9261111111111
"5","0954cf89-af8f-46cb-bc37-4419e0907218","ba1405c0-0512-4de7-ab4e-b01015519aa0","SK20",53.0629262272,5.8812075043,NA,2023-05-22 16:59:29,2023-05-23 14:00:18,NA,NA,NA,NA,NA,NA,NA,NA,NA,NA,NA,NA,NA,NA,NA,"",0.87556712962963
"6","097036db-6d8b-4b09-b240-c7d965ade8c4","b18237ea-1ede-41af-985f-10750305172f","SK01",53.0602088711,5.8608618231,NA,2023-05-20 19:09:52,2023-05-24 16:41:55,NA,NA,NA,NA,NA,NA,NA,NA,NA,NA,NA,NA,NA,NA,NA,"",3.89725694444444
"7","097d1ca8-4d84-491c-8dce-dd678cb58d23","5ddd7685-5a4f-4d14-afe7-c9cc016d8c75","SK06",53.0668117152,5.8670454133,NA,2023-05-22 13:54:47,2023-05-30 06:42:47,NA,NA,NA,NA,NA,NA,NA,NA,NA,NA,NA,NA,NA,NA,NA,"",7.7
"8","09b362ee-fe7d-4dac-975f-94516e5ef98f","b4f615ea-6843-46ba-8863-732585dc3b26","SK04",53.0598376908,5.8668709353,NA,2023-05-26 05:38:44,2023-06-03 14:41:45,NA,NA,NA,NA,NA,NA,NA,NA,NA,NA,NA,NA,NA,NA,NA,"",8.37709490740741
"9","09b57639-21fd-40c8-8b70-1208cabca6aa","01f3b90a-160f-4650-9e1b-a60defd778e5","SK02",53.0613523348,5.8643316686,NA,2023-06-02 12:36:55,2023-06-03 12:04:56,NA,NA,NA,NA,NA,NA,NA,NA,NA,NA,NA,NA,NA,NA,NA,"",0.977789351851852
"10","0a3cd902-2c43-466c-9dff-e5878abac473","5ddd7685-5a4f-4d14-afe7-c9cc016d8c75","SK06",53.0668117152,5.8670454133,NA,2023-05-16 12:37:34,2023-05-17 13:47:35,NA,NA,NA,NA,NA,NA,NA,NA,NA,NA,NA,NA,NA,NA,NA,"",1.04862268518519
"11","0a618924-022c-42c1-a678-3f15a5df17d0","697e5d53-e5d7-4c93-85d2-74324421b87b","SK21",53.0585132784,5.8664025732,NA,2023-03-26 11:37:44,2023-04-06 14:35:28,NA,NA,NA,NA,NA,NA,NA,NA,NA,NA,NA,NA,NA,NA,NA,"",11.1234259259259
"12","0a7d1531-811b-4db6-a347-5351b03230d4","b18237ea-1ede-41af-985f-10750305172f","SK01",53.0602088711,5.8608618231,NA,2023-03-26 08:37:31,2023-04-17 15:39:57,NA,NA,NA,NA,NA,NA,NA,NA,NA,NA,NA,NA,NA,NA,NA,"",22.2933564814815
"13","0a98bee5-b822-40bd-bc8d-fce6161b8761","21c176f0-5c95-4c89-b23c-03035c878a99","SK11",53.063155043,5.8702661041,NA,2023-06-07 07:45:13,2023-06-07 12:56:41,NA,NA,NA,NA,NA,NA,NA,NA,NA,NA,NA,NA,NA,NA,NA,"",0.216296296296296
"14","0b0ba9ec-b6d9-4357-a859-891ed7a08c87","7ca6dff1-d228-4ac3-8a10-2731fbc7897d","SK28",53.0542098637,5.867175816,NA,2023-04-05 15:00:00,2023-04-25 05:00:00,NA,NA,NA,NA,NA,NA,NA,NA,NA,NA,NA,NA,NA,NA,NA,"",19.5833333333333
"15","0f3bc588-0c9a-4f9a-9be7-27d0c49c2b83","2f0a36b9-746c-4e44-b1bc-e6f7353630ea","SK24",53.0559152384,5.8701167222,NA,2023-04-25 06:00:00,2023-05-03 09:14:13,NA,NA,NA,NA,NA,NA,NA,NA,NA,NA,NA,NA,NA,NA,NA,"",8.13487268518518
"16","0ff6a19d-72ea-4e9d-8f55-58fad90021ed","5ddd7685-5a4f-4d14-afe7-c9cc016d8c75","SK06",53.0668117152,5.8670454133,NA,2023-05-18 12:02:19,2023-05-18 12:12:53,NA,NA,NA,NA,NA,NA,NA,NA,NA,NA,NA,NA,NA,NA,NA,"",0.00733796296296296
"17","13b309ed-6821-4895-9a53-4ca3adc9fc7c","c284d9ab-d6bb-4014-85d7-d27e2f6ffabd","SK05",53.0576192866,5.8614913769,NA,2023-05-13 18:57:30,2023-05-15 20:00:00,NA,NA,NA,NA,NA,NA,NA,NA,NA,NA,NA,NA,NA,NA,NA,"",2.04340277777778
"18","13d2eb48-e187-449d-9ffb-099af9657b30","01f3b90a-160f-4650-9e1b-a60defd778e5","SK02",53.0613523348,5.8643316686,NA,2023-06-04 14:00:19,2023-06-04 16:16:15,NA,NA,NA,NA,NA,NA,NA,NA,NA,NA,NA,NA,NA,NA,NA,"",0.0943981481481481
"19","13fb603b-5d04-41af-b052-3578afc37196","2f393075-c92a-4c4b-854e-a0d86ca39f76","SK26",53.0535731272,5.8638561511,NA,2023-05-22 18:30:28,2023-06-04 17:58:21,NA,NA,NA,NA,NA,NA,NA,NA,NA,NA,NA,NA,NA,NA,NA,"",12.9776967592593
"20","155141f3-54f7-467d-ada5-dbac4d75403f","dcbc885c-431d-4629-abbb-3966438f7f64","SK30",53.0576154728,5.8685330976,NA,2023-05-22 19:00:00,2023-06-02 09:55:25,NA,NA,NA,NA,NA,NA,NA,NA,NA,NA,NA,NA,NA,NA,NA,"",10.6218171296296
"21","157ef1aa-9a14-4b58-ae51-fbceb81ef64c","dcbc885c-431d-4629-abbb-3966438f7f64","SK30",53.0576154728,5.8685330976,NA,2023-03-26 11:30:10,2023-04-06 14:01:44,NA,NA,NA,NA,NA,NA,NA,NA,NA,NA,NA,NA,NA,NA,NA,"",11.1052546296296
"22","1689590d-c5f5-4ec8-911a-094659528f4f","5ddd7685-5a4f-4d14-afe7-c9cc016d8c75","SK06",53.0668117152,5.8670454133,NA,2023-05-17 13:47:35,2023-05-18 09:08:43,NA,NA,NA,NA,NA,NA,NA,NA,NA,NA,NA,NA,NA,NA,NA,"",0.806342592592593
"23","1ca9dade-5fed-4963-8a0c-a6f88696757f","35434171-5370-4bdc-8cba-092e3fc36fdc","SK18",53.0633547582,5.8794717252,NA,2023-05-16 12:03:56,2023-05-19 13:26:08,NA,NA,NA,NA,NA,NA,NA,NA,NA,NA,NA,NA,NA,NA,NA,"",3.05708333333333
"24","1d4a7c01-c714-43b5-8b71-efdf9831d1eb","21c176f0-5c95-4c89-b23c-03035c878a99","SK11",53.063155043,5.8702661041,NA,2023-04-11 20:31:51,2023-04-25 05:58:59,NA,NA,NA,NA,NA,NA,NA,NA,NA,NA,NA,NA,NA,NA,NA,"",13.3938425925926
"25","1dcff7a8-8806-4eb6-b3c6-ea136d9baaac","2f0a36b9-746c-4e44-b1bc-e6f7353630ea","SK24",53.0559152384,5.8701167222,NA,2023-05-31 21:00:00,2023-06-08 14:33:59,NA,NA,NA,NA,NA,NA,NA,NA,NA,NA,NA,NA,NA,NA,NA,"",7.73193287037037
"26","1e37fb77-8c45-4829-ad02-fcca93669fc4","697e5d53-e5d7-4c93-85d2-74324421b87b","SK21",53.0585132784,5.8664025732,NA,2023-04-28 11:03:27,2023-04-30 16:09:19,NA,NA,NA,NA,NA,NA,NA,NA,NA,NA,NA,NA,NA,NA,NA,"",2.21240740740741
"27","1e58d10e-a8a1-4b3f-a7cf-f1f6dcd5baca","0bbd89df-8437-4029-8d21-7de4ac8de442","SK16",53.0623632742,5.8773121455,NA,2023-03-26 06:41:29,2023-04-06 13:14:16,NA,NA,NA,NA,NA,NA,NA,NA,NA,NA,NA,NA,NA,NA,NA,"",11.2727662037037
"28","1f7720a0-b445-4ecd-afab-80062c32fbd3","99409599-e643-4af6-bce7-bd38e0ee52fa","SK10",53.0563689581,5.8589503191,NA,2023-05-28 13:34:21,2023-05-31 09:56:18,NA,NA,NA,NA,NA,NA,NA,NA,NA,NA,NA,NA,NA,NA,NA,"",2.84857638888889
"29","1ff7b063-314c-4e94-9bd3-9722147682a4","d3b636b4-a64d-4625-99d1-8a0304ed7814","SK09",53.0621554297,5.8658282814,NA,2023-04-25 18:00:00,2023-04-30 06:19:15,NA,NA,NA,NA,NA,NA,NA,NA,NA,NA,NA,NA,NA,NA,NA,"",4.51336805555556
"30","2147714b-10a5-4628-86bb-ac14f2782064","01f3b90a-160f-4650-9e1b-a60defd778e5","SK02",53.0613523348,5.8643316686,NA,2023-04-05 11:40:33,2023-04-29 01:07:46,NA,NA,NA,NA,NA,NA,NA,NA,NA,NA,NA,NA,NA,NA,NA,"",23.5605671296296
"31","214d0508-bbb6-458a-bb07-fb865efd453d","dcbc885c-431d-4629-abbb-3966438f7f64","SK30",53.0576154728,5.8685330976,NA,2023-04-29 07:00:00,2023-05-22 18:00:00,NA,NA,NA,NA,NA,NA,NA,NA,NA,NA,NA,NA,NA,NA,NA,"",23.4583333333333
"32","2284e339-4e1c-4777-816d-ad663857a31d","54a8b24d-2835-4d99-9f43-90857e673677","SK17",53.0608993206,5.8762460404,NA,2023-03-26 06:36:31,2023-04-06 05:43:51,NA,NA,NA,NA,NA,NA,NA,NA,NA,NA,NA,NA,NA,NA,NA,"",10.9634259259259
"33","231ef290-51d5-4121-95dc-b8d6a44527c0","54a8b24d-2835-4d99-9f43-90857e673677","SK17",53.0608993206,5.8762460404,NA,2023-06-06 14:59:02,2023-06-07 14:44:01,NA,NA,NA,NA,NA,NA,NA,NA,NA,NA,NA,NA,NA,NA,NA,"",0.989571759259259
"34","23f72ae7-f29f-4031-840f-670f506bcd0a","f7c7435e-3dbc-4c42-ad42-0dafb219418e","SK03",53.0599489211,5.863008639,NA,2023-05-02 08:34:14,2023-05-12 10:49:44,NA,NA,NA,NA,NA,NA,NA,NA,NA,NA,NA,NA,NA,NA,NA,"",10.0940972222222
"35","25112d1a-64e7-4416-bdfe-d661cd503d19","b4f615ea-6843-46ba-8863-732585dc3b26","SK04",53.0598376908,5.8668709353,NA,2023-03-26 08:57:43,2023-04-14 09:40:53,NA,NA,NA,NA,NA,NA,NA,NA,NA,NA,NA,NA,NA,NA,NA,"",19.0299768518519
"36","26608bff-e07e-48cb-b1ec-a431f0d373b7","4023449e-5faf-464f-a6d7-9dcfbd567f05","SK22",53.0604891582,5.8694973411,NA,2023-06-03 12:19:36,2023-06-04 11:49:13,NA,NA,NA,NA,NA,NA,NA,NA,NA,NA,NA,NA,NA,NA,NA,"",0.978900462962963
"37","26f40780-ecc7-4686-a829-1de8cfee84a1","f2d8bbca-8bf3-4194-bd50-b935744c8b57","SK19",53.064099671,5.8749396983,NA,2023-04-11 12:34:38,2023-04-25 05:32:53,NA,NA,NA,NA,NA,NA,NA,NA,NA,NA,NA,NA,NA,NA,NA,"",13.7071180555556
"38","2868aef0-4c9d-4ff5-83ca-1b07d60bb493","0bbd89df-8437-4029-8d21-7de4ac8de442","SK16",53.0623632742,5.8773121455,NA,2023-05-13 11:59:13,2023-05-18 11:05:35,NA,NA,NA,NA,NA,NA,NA,NA,NA,NA,NA,NA,NA,NA,NA,"",4.96275462962963
"39","2ad7e2e0-02c5-405e-900c-d8d73921462a","54a8b24d-2835-4d99-9f43-90857e673677","SK17",53.0608993206,5.8762460404,NA,2023-04-24 19:26:48,2023-04-25 05:48:16,NA,NA,NA,NA,NA,NA,NA,NA,NA,NA,NA,NA,NA,NA,NA,"",0.431574074074074
"40","2d185ff3-1672-4902-b3b0-57be00704f91","b18237ea-1ede-41af-985f-10750305172f","SK01",53.0602088711,5.8608618231,NA,2023-05-24 16:41:56,2023-05-30 08:12:12,NA,NA,NA,NA,NA,NA,NA,NA,NA,NA,NA,NA,NA,NA,NA,"",5.64601851851852
"41","2e5cb0af-29f8-48d8-a650-3da855731af9","99409599-e643-4af6-bce7-bd38e0ee52fa","SK10",53.0563689581,5.8589503191,NA,2023-05-31 09:56:19,2023-05-31 12:44:38,NA,NA,NA,NA,NA,NA,NA,NA,NA,NA,NA,NA,NA,NA,NA,"",0.116886574074074
"42","3343b5b3-bd78-41a6-bf94-d0a524f2a55a","0bbd89df-8437-4029-8d21-7de4ac8de442","SK16",53.0623632742,5.8773121455,NA,2023-04-06 13:19:05,2023-04-25 05:38:40,NA,NA,NA,NA,NA,NA,NA,NA,NA,NA,NA,NA,NA,NA,NA,"",18.6802662037037
"43","349f9130-a33a-4ead-822a-434363661dac","c284d9ab-d6bb-4014-85d7-d27e2f6ffabd","SK05",53.0576192866,5.8614913769,NA,2023-04-20 12:27:35,2023-05-02 08:00:00,NA,NA,NA,NA,NA,NA,NA,NA,NA,NA,NA,NA,NA,NA,NA,"",11.8141782407407
"44","354cd129-a984-4958-b75f-816fe3f1414f","0bbd89df-8437-4029-8d21-7de4ac8de442","SK16",53.0623632742,5.8773121455,NA,2023-05-18 11:05:35,2023-05-19 11:16:23,NA,NA,NA,NA,NA,NA,NA,NA,NA,NA,NA,NA,NA,NA,NA,"",1.0075
"45","361ea7d2-5e02-4825-82c9-721184b23e78","ba1405c0-0512-4de7-ab4e-b01015519aa0","SK20",53.0629262272,5.8812075043,NA,2023-05-23 15:00:00,2023-06-06 11:45:15,NA,NA,NA,NA,NA,NA,NA,NA,NA,NA,NA,NA,NA,NA,NA,"",13.8647569444444
"46","36dd2e85-bcc1-47df-8b6e-c880236dff4a","99409599-e643-4af6-bce7-bd38e0ee52fa","SK10",53.0563689581,5.8589503191,NA,2023-04-05 12:01:56,2023-04-29 12:30:33,NA,NA,NA,NA,NA,NA,NA,NA,NA,NA,NA,NA,NA,NA,NA,"",24.0198726851852
"47","3801334c-f776-4417-93fb-aed5d57117ad","ba1405c0-0512-4de7-ab4e-b01015519aa0","SK20",53.0629262272,5.8812075043,NA,2023-06-07 11:05:48,2023-06-07 13:40:08,NA,NA,NA,NA,NA,NA,NA,NA,NA,NA,NA,NA,NA,NA,NA,"",0.107175925925926
"48","392d37a3-6c26-44de-a7ab-50da8d3b70de","7ca6dff1-d228-4ac3-8a10-2731fbc7897d","SK28",53.0542098637,5.867175816,NA,2023-05-23 09:36:20,2023-05-23 17:58:03,NA,NA,NA,NA,NA,NA,NA,NA,NA,NA,NA,NA,NA,NA,NA,"",0.348414351851852
"49","3a2010e5-fe20-44da-b954-35e65425057e","c284d9ab-d6bb-4014-85d7-d27e2f6ffabd","SK05",53.0576192866,5.8614913769,NA,2023-03-26 10:00:00,2023-04-09 21:47:55,NA,NA,NA,NA,NA,NA,NA,NA,NA,NA,NA,NA,NA,NA,NA,"",14.4916087962963
"50","3b26e63e-bc67-4e48-9dbe-3aef9c74a6c9","ba1405c0-0512-4de7-ab4e-b01015519aa0","SK20",53.0629262272,5.8812075043,NA,2023-06-06 11:45:16,2023-06-07 11:05:47,NA,NA,NA,NA,NA,NA,NA,NA,NA,NA,NA,NA,NA,NA,NA,"",0.972581018518519
"51","3b3c90a7-1836-47bb-950f-d7372a9b8e38","2f0a36b9-746c-4e44-b1bc-e6f7353630ea","SK24",53.0559152384,5.8701167222,NA,2023-05-06 17:19:19,2023-05-06 19:27:21,NA,NA,NA,NA,NA,NA,NA,NA,NA,NA,NA,NA,NA,NA,NA,"",0.088912037037037
"52","3b9ca8d4-9875-4c05-8caa-dde3593ae914","f2d8bbca-8bf3-4194-bd50-b935744c8b57","SK19",53.064099671,5.8749396983,NA,2023-03-26 06:23:00,2023-04-11 12:34:37,NA,NA,NA,NA,NA,NA,NA,NA,NA,NA,NA,NA,NA,NA,NA,"",16.2580671296296
"53","3d0bfc9f-ad4c-463b-82f8-0e3cddc5e66a","d3b636b4-a64d-4625-99d1-8a0304ed7814","SK09",53.0621554297,5.8658282814,NA,2023-05-26 05:14:14,2023-06-07 17:28:09,NA,NA,NA,NA,NA,NA,NA,NA,NA,NA,NA,NA,NA,NA,NA,"",12.5096643518519
"54","3d39f35d-1b7e-4713-a740-a540176b09f7","37bec7be-273f-4606-bd41-ff5696a9ed34","SK14",53.065628152,5.8712071571,NA,2023-05-22 14:44:49,2023-05-22 16:46:33,NA,NA,NA,NA,NA,NA,NA,NA,NA,NA,NA,NA,NA,NA,NA,"",0.084537037037037
"55","3f6624a2-8b41-46e1-963c-900db187737c","4023449e-5faf-464f-a6d7-9dcfbd567f05","SK22",53.0604891582,5.8694973411,NA,2023-06-04 11:49:14,2023-06-04 13:03:46,NA,NA,NA,NA,NA,NA,NA,NA,NA,NA,NA,NA,NA,NA,NA,"",0.0517592592592593
"56","418c0ad9-c123-42a0-9465-7d8f3eb1154e","2f393075-c92a-4c4b-854e-a0d86ca39f76","SK26",53.0535731272,5.8638561511,NA,2023-05-03 10:10:25,2023-05-12 03:11:42,NA,NA,NA,NA,NA,NA,NA,NA,NA,NA,NA,NA,NA,NA,NA,"",8.70922453703704
"57","4262b7f5-ab14-4100-978c-1078e3a55dc0","a32e8779-6b1f-4104-9e58-94f62f40b141","SK13",53.0657807461,5.8746308503,NA,2023-04-25 05:51:23,2023-05-19 08:47:22,NA,NA,NA,NA,NA,NA,NA,NA,NA,NA,NA,NA,NA,NA,NA,"",24.1222106481481
"58","43e838dc-ded9-4057-91cb-f434cca04ea7","e6bf756d-1945-496c-b651-5918c6615da3","SK07",53.0651426652,5.8657109953,NA,2023-03-26 07:25:33,2023-04-25 06:02:32,NA,NA,NA,NA,NA,NA,NA,NA,NA,NA,NA,NA,NA,NA,NA,"",29.942349537037
"59","44c15d43-5b8f-4d2d-817f-bf5a01532770","4023449e-5faf-464f-a6d7-9dcfbd567f05","SK22",53.0604891582,5.8694973411,NA,2023-03-26 12:00:00,2023-04-27 01:24:17,NA,NA,NA,NA,NA,NA,NA,NA,NA,NA,NA,NA,NA,NA,NA,"",31.5585300925926
"60","4546d3e7-b776-42ca-94d6-98af62429880","37bec7be-273f-4606-bd41-ff5696a9ed34","SK14",53.065628152,5.8712071571,NA,2023-04-19 03:57:08,2023-04-25 05:25:46,NA,NA,NA,NA,NA,NA,NA,NA,NA,NA,NA,NA,NA,NA,NA,"",6.06155092592593
"61","46518e7a-cea0-4cd6-a877-39ff488fc04a","35434171-5370-4bdc-8cba-092e3fc36fdc","SK18",53.0633547582,5.8794717252,NA,2023-05-22 16:53:30,2023-05-23 08:33:28,NA,NA,NA,NA,NA,NA,NA,NA,NA,NA,NA,NA,NA,NA,NA,"",0.65275462962963
"62","49338bcb-0aa7-4e83-b75e-cbeffac8fc56","f7c7435e-3dbc-4c42-ad42-0dafb219418e","SK03",53.0599489211,5.863008639,NA,2023-04-05 08:31:56,2023-04-25 06:01:48,NA,NA,NA,NA,NA,NA,NA,NA,NA,NA,NA,NA,NA,NA,NA,"",19.8957407407407
"63","4b1737bb-97ec-441c-a2d8-ab24867f8338","299b554e-ff91-45ff-b386-7de21d9cb923","SK23",53.060591165,5.8730319813,NA,2023-05-22 18:00:43,2023-06-09 05:29:52,NA,NA,NA,NA,NA,NA,NA,NA,NA,NA,NA,NA,NA,NA,NA,"",17.4785763888889
"64","4bfe6daf-40d9-47ff-a229-4d4af2fc346d","21c176f0-5c95-4c89-b23c-03035c878a99","SK11",53.063155043,5.8702661041,NA,2023-04-25 06:00:00,2023-05-03 23:27:19,NA,NA,NA,NA,NA,NA,NA,NA,NA,NA,NA,NA,NA,NA,NA,"",8.72730324074074
"65","4f89904b-9488-45ee-9cdf-ba851c114b1f","2f0a36b9-746c-4e44-b1bc-e6f7353630ea","SK24",53.0559152384,5.8701167222,NA,2023-05-05 06:45:28,2023-05-06 17:19:18,NA,NA,NA,NA,NA,NA,NA,NA,NA,NA,NA,NA,NA,NA,NA,"",1.44016203703704
"66","4fa45516-0b9d-44dc-8764-b9da2c271a18","01f3b90a-160f-4650-9e1b-a60defd778e5","SK02",53.0613523348,5.8643316686,NA,2023-03-26 08:43:23,2023-04-05 11:32:17,NA,NA,NA,NA,NA,NA,NA,NA,NA,NA,NA,NA,NA,NA,NA,"",10.1172916666667
"67","50bac27d-9680-49b8-ac43-9a876f9e9b72","5ddd7685-5a4f-4d14-afe7-c9cc016d8c75","SK06",53.0668117152,5.8670454133,NA,2023-04-25 06:00:00,2023-05-16 06:24:06,NA,NA,NA,NA,NA,NA,NA,NA,NA,NA,NA,NA,NA,NA,NA,"",21.0167361111111
"68","51ed53c6-0856-4835-8737-623e98dc9ff5","54a8b24d-2835-4d99-9f43-90857e673677","SK17",53.0608993206,5.8762460404,NA,2023-06-05 10:24:00,2023-06-06 01:51:34,NA,NA,NA,NA,NA,NA,NA,NA,NA,NA,NA,NA,NA,NA,NA,"",0.644143518518518
"69","5244079d-99b9-446b-a9f2-0c6c6e00a51e","7ca6dff1-d228-4ac3-8a10-2731fbc7897d","SK28",53.0542098637,5.867175816,NA,2023-05-22 17:50:46,2023-05-23 09:36:19,NA,NA,NA,NA,NA,NA,NA,NA,NA,NA,NA,NA,NA,NA,NA,"",0.656631944444444
"70","5376a364-415e-4b1b-93ca-10dc72915dd4","4023449e-5faf-464f-a6d7-9dcfbd567f05","SK22",53.0604891582,5.8694973411,NA,2023-05-22 19:00:00,2023-05-31 13:38:05,NA,NA,NA,NA,NA,NA,NA,NA,NA,NA,NA,NA,NA,NA,NA,"",8.77644675925926
"71","563014ca-283d-4fbc-af77-8c71179628e8","35434171-5370-4bdc-8cba-092e3fc36fdc","SK18",53.0633547582,5.8794717252,NA,2023-04-06 14:00:00,2023-04-25 05:38:06,NA,NA,NA,NA,NA,NA,NA,NA,NA,NA,NA,NA,NA,NA,NA,"",18.6514583333333
"72","57148c64-f467-4d40-b4f2-27d687046d87","ba1405c0-0512-4de7-ab4e-b01015519aa0","SK20",53.0629262272,5.8812075043,NA,2023-06-07 13:40:08,2023-06-07 14:49:11,NA,NA,NA,NA,NA,NA,NA,NA,NA,NA,NA,NA,NA,NA,NA,"",0.0479513888888889
"73","5824282f-f2ee-4bef-9d5f-7b0a0a55143b","2f0a36b9-746c-4e44-b1bc-e6f7353630ea","SK24",53.0559152384,5.8701167222,NA,2023-04-17 10:10:36,2023-04-25 05:27:22,NA,NA,NA,NA,NA,NA,NA,NA,NA,NA,NA,NA,NA,NA,NA,"",7.80331018518519
"74","5865646d-5f8d-4b49-aeb1-3c012c387dbc","5982061a-e49d-4f45-ab28-d04f7c080f1d","SK25",53.054767419,5.8616518553,NA,2023-06-06 09:30:09,2023-06-06 12:48:55,NA,NA,NA,NA,NA,NA,NA,NA,NA,NA,NA,NA,NA,NA,NA,"",0.138032407407407
"75","5acc0b48-2355-4dd1-93ed-ae051d3469fc","8e3381b3-f09a-4375-bfe9-3e0e5d36e5e6","SK15",53.064248473,5.8692219535,NA,2023-05-22 14:00:00,2023-06-07 02:21:23,NA,NA,NA,NA,NA,NA,NA,NA,NA,NA,NA,NA,NA,NA,NA,"",15.514849537037
"76","5afd161b-b2df-4692-871f-1b8c2abafd4a","f7c7435e-3dbc-4c42-ad42-0dafb219418e","SK03",53.0599489211,5.863008639,NA,2023-05-29 05:38:32,2023-06-03 14:35:20,NA,NA,NA,NA,NA,NA,NA,NA,NA,NA,NA,NA,NA,NA,NA,"",5.37277777777778
"77","5d10c5c5-5ac5-4456-b245-053aef89116d","35434171-5370-4bdc-8cba-092e3fc36fdc","SK18",53.0633547582,5.8794717252,NA,2023-04-25 06:00:00,2023-05-16 12:03:56,NA,NA,NA,NA,NA,NA,NA,NA,NA,NA,NA,NA,NA,NA,NA,"",21.2527314814815
"78","60a92c05-a0fd-4576-b183-ccd956631859","54a8b24d-2835-4d99-9f43-90857e673677","SK17",53.0608993206,5.8762460404,NA,2023-05-22 17:13:18,2023-05-23 14:04:32,NA,NA,NA,NA,NA,NA,NA,NA,NA,NA,NA,NA,NA,NA,NA,"",0.868912037037037
"79","62ef2442-6609-4ec2-8fb0-2986fa0fb562","21c176f0-5c95-4c89-b23c-03035c878a99","SK11",53.063155043,5.8702661041,NA,2023-03-26 07:00:55,2023-04-11 20:31:51,NA,NA,NA,NA,NA,NA,NA,NA,NA,NA,NA,NA,NA,NA,NA,"",16.5631481481481
"80","64c82d01-8a11-45f0-a87c-4bb7174dfb53","54a8b24d-2835-4d99-9f43-90857e673677","SK17",53.0608993206,5.8762460404,NA,2023-05-19 01:21:04,2023-05-19 20:54:54,NA,NA,NA,NA,NA,NA,NA,NA,NA,NA,NA,NA,NA,NA,NA,"",0.815162037037037
"81","657d063b-4cb3-4b16-9060-0c0a526a87a5","f7c7435e-3dbc-4c42-ad42-0dafb219418e","SK03",53.0599489211,5.863008639,NA,2023-04-25 06:03:05,2023-05-02 08:34:13,NA,NA,NA,NA,NA,NA,NA,NA,NA,NA,NA,NA,NA,NA,NA,"",7.1049537037037
"82","65c5b081-fb25-44d5-9cb3-ece12a7ff095","697e5d53-e5d7-4c93-85d2-74324421b87b","SK21",53.0585132784,5.8664025732,NA,2023-04-06 15:00:00,2023-04-28 11:03:26,NA,NA,NA,NA,NA,NA,NA,NA,NA,NA,NA,NA,NA,NA,NA,"",21.8357175925926
"83","665bf634-b8c5-49a9-8337-ee1e637afe40","f7c7435e-3dbc-4c42-ad42-0dafb219418e","SK03",53.0599489211,5.863008639,NA,2023-03-26 08:57:41,2023-04-05 08:31:56,NA,NA,NA,NA,NA,NA,NA,NA,NA,NA,NA,NA,NA,NA,NA,"",9.98211805555556
"84","667a2d0c-9206-41b5-b96a-6e8fde86c6fd","299b554e-ff91-45ff-b386-7de21d9cb923","SK23",53.060591165,5.8730319813,NA,2023-05-04 08:13:14,2023-05-22 17:58:18,NA,NA,NA,NA,NA,NA,NA,NA,NA,NA,NA,NA,NA,NA,NA,"",18.4062962962963
"85","671a2891-a76f-4e19-b94c-b4ae8edffb7c","5982061a-e49d-4f45-ab28-d04f7c080f1d","SK25",53.054767419,5.8616518553,NA,2023-06-06 12:48:56,2023-06-06 13:04:18,NA,NA,NA,NA,NA,NA,NA,NA,NA,NA,NA,NA,NA,NA,NA,"",0.0106712962962963
"86","678cc637-64d6-4aee-9b01-f8eafa1f42aa","dcbc885c-431d-4629-abbb-3966438f7f64","SK30",53.0576154728,5.8685330976,NA,2023-06-02 10:00:00,2023-06-09 05:22:56,NA,NA,NA,NA,NA,NA,NA,NA,NA,NA,NA,NA,NA,NA,NA,"",6.80759259259259
"87","6a7614fa-ec28-4310-b348-484bb3a026c1","37bec7be-273f-4606-bd41-ff5696a9ed34","SK14",53.065628152,5.8712071571,NA,2023-04-25 06:00:00,2023-05-07 17:49:29,NA,NA,NA,NA,NA,NA,NA,NA,NA,NA,NA,NA,NA,NA,NA,"",12.4926967592593
"88","6c4828ba-bccc-4e0b-ba93-f3e93ae8f453","ba1405c0-0512-4de7-ab4e-b01015519aa0","SK20",53.0629262272,5.8812075043,NA,2023-04-25 05:43:20,2023-05-22 16:59:02,NA,NA,NA,NA,NA,NA,NA,NA,NA,NA,NA,NA,NA,NA,NA,"",27.4692361111111
"89","6d3d74d1-ccb8-42fd-b09f-b6d99e7fc5f6","b4f615ea-6843-46ba-8863-732585dc3b26","SK04",53.0598376908,5.8668709353,NA,2023-06-03 14:41:45,2023-06-06 12:20:01,NA,NA,NA,NA,NA,NA,NA,NA,NA,NA,NA,NA,NA,NA,NA,"",2.90157407407407
"90","6e342a79-abb2-45d9-9ea0-db152de307c5","b18237ea-1ede-41af-985f-10750305172f","SK01",53.0602088711,5.8608618231,NA,2023-05-30 08:12:13,2023-06-02 21:30:32,NA,NA,NA,NA,NA,NA,NA,NA,NA,NA,NA,NA,NA,NA,NA,"",3.55438657407407
"91","6ed81c52-9f6b-463b-98ab-dccb1fbccc6e","7ca6dff1-d228-4ac3-8a10-2731fbc7897d","SK28",53.0542098637,5.867175816,NA,2023-05-12 09:41:20,2023-05-16 05:21:29,NA,NA,NA,NA,NA,NA,NA,NA,NA,NA,NA,NA,NA,NA,NA,"",3.81954861111111
"92","6f9e4b71-91e6-4043-a777-73f86c9fbcf8","01f3b90a-160f-4650-9e1b-a60defd778e5","SK02",53.0613523348,5.8643316686,NA,2023-04-29 01:07:47,2023-05-08 00:26:42,NA,NA,NA,NA,NA,NA,NA,NA,NA,NA,NA,NA,NA,NA,NA,"",8.97146990740741
"93","6fbe62ee-c953-4d4e-a73d-207b643a330f","0bbd89df-8437-4029-8d21-7de4ac8de442","SK16",53.0623632742,5.8773121455,NA,2023-04-25 05:52:06,2023-05-12 13:06:06,NA,NA,NA,NA,NA,NA,NA,NA,NA,NA,NA,NA,NA,NA,NA,"",17.3013888888889
"94","7143c7b4-e83e-47ad-af4e-e84def6c86b9","0bbd89df-8437-4029-8d21-7de4ac8de442","SK16",53.0623632742,5.8773121455,NA,2023-05-20 09:52:29,2023-05-21 10:26:14,NA,NA,NA,NA,NA,NA,NA,NA,NA,NA,NA,NA,NA,NA,NA,"",1.0234375
"95","7145815d-eac1-407d-ac51-d376a04bc8da","2f393075-c92a-4c4b-854e-a0d86ca39f76","SK26",53.0535731272,5.8638561511,NA,2023-03-26 10:59:26,2023-04-17 19:21:30,NA,NA,NA,NA,NA,NA,NA,NA,NA,NA,NA,NA,NA,NA,NA,"",22.3486574074074
"96","7306e17f-a505-458f-baf7-fa8f55cfe5c3","5495ad03-addf-4771-a9b1-1bdec03c37a7","SK08",53.064109112,5.8632529327,NA,2023-06-07 12:13:19,2023-06-07 17:14:49,NA,NA,NA,NA,NA,NA,NA,NA,NA,NA,NA,NA,NA,NA,NA,"",0.209375
"97","743a5710-355b-4b43-acfe-d97a7a45e557","b4f615ea-6843-46ba-8863-732585dc3b26","SK04",53.0598376908,5.8668709353,NA,2023-06-06 12:20:02,2023-06-06 14:44:46,NA,NA,NA,NA,NA,NA,NA,NA,NA,NA,NA,NA,NA,NA,NA,"",0.100509259259259
"98","75a5ccf1-c627-4857-a5aa-737d5ac4b739","21c176f0-5c95-4c89-b23c-03035c878a99","SK11",53.063155043,5.8702661041,NA,2023-05-22 14:05:41,2023-06-07 07:45:13,NA,NA,NA,NA,NA,NA,NA,NA,NA,NA,NA,NA,NA,NA,NA,"",15.735787037037
"99","78672058-8094-4615-a78d-93cd36bef1ea","37bec7be-273f-4606-bd41-ff5696a9ed34","SK14",53.065628152,5.8712071571,NA,2023-05-19 17:26:16,2023-05-22 14:44:23,NA,NA,NA,NA,NA,NA,NA,NA,NA,NA,NA,NA,NA,NA,NA,"",2.88758101851852
"100","787765b0-763f-4cc8-aeba-60e9d3dbda8d","299b554e-ff91-45ff-b386-7de21d9cb923","SK23",53.060591165,5.8730319813,NA,2023-04-20 15:57:05,2023-05-04 08:13:14,NA,NA,NA,NA,NA,NA,NA,NA,NA,NA,NA,NA,NA,NA,NA,"",13.6778819444444
"101","792a7e69-a726-4755-bd0c-7c9ba8685d6c","7ca6dff1-d228-4ac3-8a10-2731fbc7897d","SK28",53.0542098637,5.867175816,NA,2023-05-16 06:00:00,2023-05-17 12:24:30,NA,NA,NA,NA,NA,NA,NA,NA,NA,NA,NA,NA,NA,NA,NA,"",1.26701388888889
"102","7a92c31c-f33e-4fdb-8559-94fc08eef86e","99409599-e643-4af6-bce7-bd38e0ee52fa","SK10",53.0563689581,5.8589503191,NA,2023-03-26 09:09:26,2023-04-05 11:57:12,NA,NA,NA,NA,NA,NA,NA,NA,NA,NA,NA,NA,NA,NA,NA,"",10.1165046296296
"103","7ad88c61-c6ce-4da0-9303-a5328752900e","f2d8bbca-8bf3-4194-bd50-b935744c8b57","SK19",53.064099671,5.8749396983,NA,2023-05-28 14:14:29,2023-06-06 23:09:15,NA,NA,NA,NA,NA,NA,NA,NA,NA,NA,NA,NA,NA,NA,NA,"",9.37136574074074
"104","7b194827-f0dd-4690-9a9a-41437f398af6","b4f615ea-6843-46ba-8863-732585dc3b26","SK04",53.0598376908,5.8668709353,NA,2023-05-01 14:32:00,2023-05-26 05:28:32,NA,NA,NA,NA,NA,NA,NA,NA,NA,NA,NA,NA,NA,NA,NA,"",24.6225925925926
"105","7dde30c7-cbd6-4873-8377-17deb35503fd","5495ad03-addf-4771-a9b1-1bdec03c37a7","SK08",53.064109112,5.8632529327,NA,2023-04-30 06:47:00,2023-05-26 04:56:34,NA,NA,NA,NA,NA,NA,NA,NA,NA,NA,NA,NA,NA,NA,NA,"",25.9233101851852
"106","824f7ed1-7fe6-40e5-b536-aa6d09c16337","99409599-e643-4af6-bce7-bd38e0ee52fa","SK10",53.0563689581,5.8589503191,NA,2023-05-26 06:12:24,2023-05-28 13:34:20,NA,NA,NA,NA,NA,NA,NA,NA,NA,NA,NA,NA,NA,NA,NA,"",2.30689814814815
"107","870a5912-e3cb-40b5-8333-837db83923d7","7ca6dff1-d228-4ac3-8a10-2731fbc7897d","SK28",53.0542098637,5.867175816,NA,2023-05-23 17:58:04,2023-05-25 10:01:32,NA,NA,NA,NA,NA,NA,NA,NA,NA,NA,NA,NA,NA,NA,NA,"",1.66907407407407
"108","88fd89cb-6aa4-406e-8e12-f6c976824a4a","5ddd7685-5a4f-4d14-afe7-c9cc016d8c75","SK06",53.0668117152,5.8670454133,NA,2023-05-16 06:24:07,2023-05-16 12:37:33,NA,NA,NA,NA,NA,NA,NA,NA,NA,NA,NA,NA,NA,NA,NA,"",0.259328703703704
"109","891534db-e69e-45a6-97a9-9bc1642ef787","1ca768db-c6df-4e50-9bfe-4a3e5f69df88","SK29",53.0535772299,5.865877064,NA,2023-04-18 22:17:28,2023-04-25 05:21:16,NA,NA,NA,NA,NA,NA,NA,NA,NA,NA,NA,NA,NA,NA,NA,"",6.29430555555556
"110","8a903101-d4c6-4ed3-9b62-c03535ceb8e2","0bbd89df-8437-4029-8d21-7de4ac8de442","SK16",53.0623632742,5.8773121455,NA,2023-05-22 12:03:02,2023-05-22 12:16:16,NA,NA,NA,NA,NA,NA,NA,NA,NA,NA,NA,NA,NA,NA,NA,"",0.00918981481481482
"111","8acd02ad-647e-4244-869c-59d028ac4a0a","903cdfb7-6170-4e53-82bf-4c01368cba18","SK27",53.0575368506,5.8736722101,NA,2023-05-16 05:35:12,2023-05-22 17:00:00,NA,NA,NA,NA,NA,NA,NA,NA,NA,NA,NA,NA,NA,NA,NA,"",6.47555555555556
"112","8bbfa217-152a-4603-8e7a-60cb4ea134e0","697e5d53-e5d7-4c93-85d2-74324421b87b","SK21",53.0585132784,5.8664025732,NA,2023-04-30 16:09:35,2023-05-19 10:43:00,NA,NA,NA,NA,NA,NA,NA,NA,NA,NA,NA,NA,NA,NA,NA,"",18.7732060185185
"113","8dbdba95-79e1-45c2-bdcf-b80c624efc08","35434171-5370-4bdc-8cba-092e3fc36fdc","SK18",53.0633547582,5.8794717252,NA,2023-05-20 11:12:51,2023-05-21 11:47:36,NA,NA,NA,NA,NA,NA,NA,NA,NA,NA,NA,NA,NA,NA,NA,"",1.02413194444444
"114","8dd25b7d-8a6b-4038-83a7-0f0c0dbbb2e4","5982061a-e49d-4f45-ab28-d04f7c080f1d","SK25",53.054767419,5.8616518553,NA,2023-05-16 05:26:23,2023-05-22 18:22:06,NA,NA,NA,NA,NA,NA,NA,NA,NA,NA,NA,NA,NA,NA,NA,"",6.53869212962963
"115","8f0f23d7-26ed-4e39-a621-4b649c30e3bf","903cdfb7-6170-4e53-82bf-4c01368cba18","SK27",53.0575368506,5.8736722101,NA,2023-04-25 06:00:00,2023-05-16 05:30:51,NA,NA,NA,NA,NA,NA,NA,NA,NA,NA,NA,NA,NA,NA,NA,"",20.9797569444444
"116","90dd71b7-fe59-4b34-a5bb-6602f7a30184","903cdfb7-6170-4e53-82bf-4c01368cba18","SK27",53.0575368506,5.8736722101,NA,2023-05-22 18:00:00,2023-06-08 14:00:00,NA,NA,NA,NA,NA,NA,NA,NA,NA,NA,NA,NA,NA,NA,NA,"",16.8333333333333
"117","9579114f-4287-4b54-a5bc-9d2d719268ab","c284d9ab-d6bb-4014-85d7-d27e2f6ffabd","SK05",53.0576192866,5.8614913769,NA,2023-04-09 21:47:55,2023-04-20 12:27:34,NA,NA,NA,NA,NA,NA,NA,NA,NA,NA,NA,NA,NA,NA,NA,"",10.6108680555556
"118","99000fdc-543b-411f-a231-610b50265d87","1ca768db-c6df-4e50-9bfe-4a3e5f69df88","SK29",53.0535772299,5.865877064,NA,2023-05-22 17:39:10,2023-06-08 14:27:33,NA,NA,NA,NA,NA,NA,NA,NA,NA,NA,NA,NA,NA,NA,NA,"",16.8669328703704
"119","990a9a44-75f3-42d6-a9c1-dc4910bf1370","e9ca3fe1-5050-4c22-90c8-1f0cf765a048","SK12",53.0629103603,5.8740291284,NA,2023-05-09 13:00:00,2023-05-22 14:37:31,NA,NA,NA,NA,NA,NA,NA,NA,NA,NA,NA,NA,NA,NA,NA,"",13.0677199074074
"120","996aaf36-6572-4435-be8f-cf9074edf915","ba1405c0-0512-4de7-ab4e-b01015519aa0","SK20",53.0629262272,5.8812075043,NA,2023-04-06 13:09:06,2023-04-25 05:42:25,NA,NA,NA,NA,NA,NA,NA,NA,NA,NA,NA,NA,NA,NA,NA,"",18.6898032407407
"121","99a1972f-0c12-40ea-8f78-892347b563e8","299b554e-ff91-45ff-b386-7de21d9cb923","SK23",53.060591165,5.8730319813,NA,2023-03-27 14:29:30,2023-04-20 15:57:05,NA,NA,NA,NA,NA,NA,NA,NA,NA,NA,NA,NA,NA,NA,NA,"",24.0608217592593
"122","9d879bd3-9f7b-43d7-926e-e79862cba2b7","21c176f0-5c95-4c89-b23c-03035c878a99","SK11",53.063155043,5.8702661041,NA,2023-06-07 12:56:42,2023-06-07 14:23:22,NA,NA,NA,NA,NA,NA,NA,NA,NA,NA,NA,NA,NA,NA,NA,"",0.0601851851851852
"123","9ea8446a-3a3e-434a-999c-670eaa4cbc47","0bbd89df-8437-4029-8d21-7de4ac8de442","SK16",53.0623632742,5.8773121455,NA,2023-05-12 13:06:06,2023-05-13 11:58:53,NA,NA,NA,NA,NA,NA,NA,NA,NA,NA,NA,NA,NA,NA,NA,"",0.953321759259259
"124","9eb0ae9d-9958-4e6c-a6a6-516201b8301b","f2d8bbca-8bf3-4194-bd50-b935744c8b57","SK19",53.064099671,5.8749396983,NA,2023-04-25 05:33:35,2023-05-22 14:08:32,NA,NA,NA,NA,NA,NA,NA,NA,NA,NA,NA,NA,NA,NA,NA,"",27.3576041666667
"125","9f8cbf37-fdf6-46ac-a366-eef0e8aac522","2f393075-c92a-4c4b-854e-a0d86ca39f76","SK26",53.0535731272,5.8638561511,NA,2023-04-17 19:21:30,2023-05-03 10:10:25,NA,NA,NA,NA,NA,NA,NA,NA,NA,NA,NA,NA,NA,NA,NA,"",15.6173032407407
"126","a0962e68-c6ed-4fc2-9853-3278b6127075","01f3b90a-160f-4650-9e1b-a60defd778e5","SK02",53.0613523348,5.8643316686,NA,2023-06-03 15:48:43,2023-06-04 08:22:19,NA,NA,NA,NA,NA,NA,NA,NA,NA,NA,NA,NA,NA,NA,NA,"",0.69
"127","a199f882-f9a4-47fd-be0a-086b760ef56d","e6bf756d-1945-496c-b651-5918c6615da3","SK07",53.0651426652,5.8657109953,NA,2023-04-25 06:02:57,2023-05-22 13:58:14,NA,NA,NA,NA,NA,NA,NA,NA,NA,NA,NA,NA,NA,NA,NA,"",27.3300578703704
"128","a28ddd43-a7a1-41ab-bf6a-bc4f78a7ddbf","e9ca3fe1-5050-4c22-90c8-1f0cf765a048","SK12",53.0629103603,5.8740291284,NA,2023-03-26 06:54:03,2023-05-09 12:32:48,NA,NA,NA,NA,NA,NA,NA,NA,NA,NA,NA,NA,NA,NA,NA,"",44.2352430555556
"129","a2ace14a-1090-4ec8-8994-cf22a8e79e74","5982061a-e49d-4f45-ab28-d04f7c080f1d","SK25",53.054767419,5.8616518553,NA,2023-04-25 05:15:51,2023-05-16 05:26:22,NA,NA,NA,NA,NA,NA,NA,NA,NA,NA,NA,NA,NA,NA,NA,"",21.0073032407407
"130","a6d64582-170c-4bb0-bb46-02e6edc12c1b","35434171-5370-4bdc-8cba-092e3fc36fdc","SK18",53.0633547582,5.8794717252,NA,2023-05-21 11:47:37,2023-05-21 15:15:29,NA,NA,NA,NA,NA,NA,NA,NA,NA,NA,NA,NA,NA,NA,NA,"",0.144351851851852
"131","a8e7f292-7f42-482c-ba39-60cc987d18f7","4023449e-5faf-464f-a6d7-9dcfbd567f05","SK22",53.0604891582,5.8694973411,NA,2023-05-31 13:38:05,2023-06-03 12:19:36,NA,NA,NA,NA,NA,NA,NA,NA,NA,NA,NA,NA,NA,NA,NA,"",2.94549768518519
"132","a980a634-6a0e-4ee5-8559-24c2920fdaee","2f393075-c92a-4c4b-854e-a0d86ca39f76","SK26",53.0535731272,5.8638561511,NA,2023-06-04 17:58:21,2023-06-08 14:24:39,NA,NA,NA,NA,NA,NA,NA,NA,NA,NA,NA,NA,NA,NA,NA,"",3.85159722222222
"133","a9ad4832-5fb0-409d-bf5a-2e0187873dd6","35434171-5370-4bdc-8cba-092e3fc36fdc","SK18",53.0633547582,5.8794717252,NA,2023-03-26 06:24:49,2023-04-06 12:57:25,NA,NA,NA,NA,NA,NA,NA,NA,NA,NA,NA,NA,NA,NA,NA,"",11.2726388888889
"134","af794896-1102-472f-bfe9-edb537727e0c","0bbd89df-8437-4029-8d21-7de4ac8de442","SK16",53.0623632742,5.8773121455,NA,2023-05-19 11:16:24,2023-05-20 09:52:28,NA,NA,NA,NA,NA,NA,NA,NA,NA,NA,NA,NA,NA,NA,NA,"",0.941712962962963
"135","afd09e59-dfe5-4bdd-9024-74211facf978","b4f615ea-6843-46ba-8863-732585dc3b26","SK04",53.0598376908,5.8668709353,NA,2023-04-14 09:40:54,2023-05-01 14:32:00,NA,NA,NA,NA,NA,NA,NA,NA,NA,NA,NA,NA,NA,NA,NA,"",17.2021527777778
"136","b036f5ee-9718-4503-ad09-e2fe538c2817","01f3b90a-160f-4650-9e1b-a60defd778e5","SK02",53.0613523348,5.8643316686,NA,2023-06-03 12:04:56,2023-06-03 15:48:42,NA,NA,NA,NA,NA,NA,NA,NA,NA,NA,NA,NA,NA,NA,NA,"",0.155393518518519
"137","b6ecfd3d-3090-4c5b-8499-a88c122f2175","37bec7be-273f-4606-bd41-ff5696a9ed34","SK14",53.065628152,5.8712071571,NA,2023-05-07 17:49:30,2023-05-19 17:26:15,NA,NA,NA,NA,NA,NA,NA,NA,NA,NA,NA,NA,NA,NA,NA,"",11.9838541666667
"138","b804b133-5f6e-4e5a-a2d0-ccadaa3814cd","697e5d53-e5d7-4c93-85d2-74324421b87b","SK21",53.0585132784,5.8664025732,NA,2023-05-22 14:06:08,2023-05-27 08:07:47,NA,NA,NA,NA,NA,NA,NA,NA,NA,NA,NA,NA,NA,NA,NA,"",4.75114583333333
"139","b88d2eae-62b3-4c03-ab02-797c19f8d75c","ba1405c0-0512-4de7-ab4e-b01015519aa0","SK20",53.0629262272,5.8812075043,NA,2023-03-26 06:29:24,2023-04-06 13:04:31,NA,NA,NA,NA,NA,NA,NA,NA,NA,NA,NA,NA,NA,NA,NA,"",11.2743865740741
"140","b8ad9c7f-9d1b-4b08-b594-ae18cbac3308","2f0a36b9-746c-4e44-b1bc-e6f7353630ea","SK24",53.0559152384,5.8701167222,NA,2023-05-03 09:14:14,2023-05-05 06:45:27,NA,NA,NA,NA,NA,NA,NA,NA,NA,NA,NA,NA,NA,NA,NA,"",1.89667824074074
"141","b932b235-2b9e-49d0-b605-3fc1f195b584","5982061a-e49d-4f45-ab28-d04f7c080f1d","SK25",53.054767419,5.8616518553,NA,2023-03-26 11:00:00,2023-04-05 14:34:47,NA,NA,NA,NA,NA,NA,NA,NA,NA,NA,NA,NA,NA,NA,NA,"",10.1491550925926
"142","ba704b70-3d05-4940-b2a9-c333ee2cd9a5","37bec7be-273f-4606-bd41-ff5696a9ed34","SK14",53.065628152,5.8712071571,NA,2023-03-26 07:31:38,2023-04-19 03:57:07,NA,NA,NA,NA,NA,NA,NA,NA,NA,NA,NA,NA,NA,NA,NA,"",23.8510300925926
"143","bae98149-367b-4a16-8a91-7db8eec6334c","a32e8779-6b1f-4104-9e58-94f62f40b141","SK13",53.0657807461,5.8746308503,NA,2023-05-19 08:47:23,2023-05-22 14:44:10,NA,NA,NA,NA,NA,NA,NA,NA,NA,NA,NA,NA,NA,NA,NA,"",3.2477662037037
"144","bb54cbe6-c365-41ca-ba51-aa8884693e6a","c284d9ab-d6bb-4014-85d7-d27e2f6ffabd","SK05",53.0576192866,5.8614913769,NA,2023-05-26 05:27:31,2023-06-08 14:52:31,NA,NA,NA,NA,NA,NA,NA,NA,NA,NA,NA,NA,NA,NA,NA,"",13.3923611111111
"145","bb715ea3-d4b1-413c-81c7-711fcd6384e0","e9ca3fe1-5050-4c22-90c8-1f0cf765a048","SK12",53.0629103603,5.8740291284,NA,2023-05-22 15:00:00,2023-06-07 14:29:23,NA,NA,NA,NA,NA,NA,NA,NA,NA,NA,NA,NA,NA,NA,NA,"",15.9787384259259
"146","be82e0b3-9473-4130-aaf1-abfb1b6d0712","4023449e-5faf-464f-a6d7-9dcfbd567f05","SK22",53.0604891582,5.8694973411,NA,2023-04-29 07:00:00,2023-05-22 18:00:00,NA,NA,NA,NA,NA,NA,NA,NA,NA,NA,NA,NA,NA,NA,NA,"",23.4583333333333
"147","bf1e802b-b04c-4201-bdb0-077feb5bb8cc","b18237ea-1ede-41af-985f-10750305172f","SK01",53.0602088711,5.8608618231,NA,2023-05-11 10:33:24,2023-05-20 19:09:51,NA,NA,NA,NA,NA,NA,NA,NA,NA,NA,NA,NA,NA,NA,NA,"",9.35864583333333
"148","bf368600-a0f9-4cb0-8950-d356de63ab33","1ca768db-c6df-4e50-9bfe-4a3e5f69df88","SK29",53.0535772299,5.865877064,NA,2023-05-22 04:52:36,2023-05-22 17:38:37,NA,NA,NA,NA,NA,NA,NA,NA,NA,NA,NA,NA,NA,NA,NA,"",0.531956018518518
"149","c0bdc157-2ce8-4183-9a56-1895ba28d277","f7c7435e-3dbc-4c42-ad42-0dafb219418e","SK03",53.0599489211,5.863008639,NA,2023-05-12 10:49:44,2023-05-13 12:31:03,NA,NA,NA,NA,NA,NA,NA,NA,NA,NA,NA,NA,NA,NA,NA,"",1.0703587962963
"150","c2c83dad-cf8b-4036-925d-0274287b71aa","01f3b90a-160f-4650-9e1b-a60defd778e5","SK02",53.0613523348,5.8643316686,NA,2023-06-04 08:22:20,2023-06-04 11:25:54,NA,NA,NA,NA,NA,NA,NA,NA,NA,NA,NA,NA,NA,NA,NA,"",0.127476851851852
"151","c36de321-589c-4247-a3ab-380fdcff5194","903cdfb7-6170-4e53-82bf-4c01368cba18","SK27",53.0575368506,5.8736722101,NA,2023-03-27 15:00:00,2023-04-25 05:00:00,NA,NA,NA,NA,NA,NA,NA,NA,NA,NA,NA,NA,NA,NA,NA,"",28.5833333333333
"152","c8fbe28b-5c88-48f7-9799-59edb703a6f0","e6bf756d-1945-496c-b651-5918c6615da3","SK07",53.0651426652,5.8657109953,NA,2023-05-22 13:58:41,2023-06-07 14:17:43,NA,NA,NA,NA,NA,NA,NA,NA,NA,NA,NA,NA,NA,NA,NA,"",16.0132175925926
"153","c9007aa1-c64a-45d6-bde4-28af468a68fe","5495ad03-addf-4771-a9b1-1bdec03c37a7","SK08",53.064109112,5.8632529327,NA,2023-03-26 07:32:12,2023-04-30 06:34:56,NA,NA,NA,NA,NA,NA,NA,NA,NA,NA,NA,NA,NA,NA,NA,"",34.9602314814815
"154","caf7e0e5-de82-4df4-9fdc-77e9c08ebbeb","01f3b90a-160f-4650-9e1b-a60defd778e5","SK02",53.0613523348,5.8643316686,NA,2023-06-04 16:16:16,2023-06-04 16:29:53,NA,NA,NA,NA,NA,NA,NA,NA,NA,NA,NA,NA,NA,NA,NA,"",0.00945601851851852
"155","cb4a4882-fa7a-4789-8070-1de03050a0b4","7ca6dff1-d228-4ac3-8a10-2731fbc7897d","SK28",53.0542098637,5.867175816,NA,2023-05-18 15:17:26,2023-05-22 17:38:46,NA,NA,NA,NA,NA,NA,NA,NA,NA,NA,NA,NA,NA,NA,NA,"",4.09814814814815
"156","cb795d50-291f-48c5-9994-5aee043e68c8","7ca6dff1-d228-4ac3-8a10-2731fbc7897d","SK28",53.0542098637,5.867175816,NA,2023-03-26 12:00:00,2023-04-05 14:08:05,NA,NA,NA,NA,NA,NA,NA,NA,NA,NA,NA,NA,NA,NA,NA,"",10.0889467592593
"157","cbc31f58-0037-4b5b-bb6e-783e68f68ca7","697e5d53-e5d7-4c93-85d2-74324421b87b","SK21",53.0585132784,5.8664025732,NA,2023-05-27 08:07:48,2023-05-27 09:58:43,NA,NA,NA,NA,NA,NA,NA,NA,NA,NA,NA,NA,NA,NA,NA,"",0.077025462962963
"158","cc465dd2-a8aa-4572-a3bf-2d42f3aa8a15","5495ad03-addf-4771-a9b1-1bdec03c37a7","SK08",53.064109112,5.8632529327,NA,2023-05-26 05:00:00,2023-06-07 12:13:19,NA,NA,NA,NA,NA,NA,NA,NA,NA,NA,NA,NA,NA,NA,NA,"",12.3009143518519
"159","cc73c125-b905-4de0-87bb-23d18e3bea10","8e3381b3-f09a-4375-bfe9-3e0e5d36e5e6","SK15",53.064248473,5.8692219535,NA,2023-03-26 07:00:57,2023-05-22 13:58:44,NA,NA,NA,NA,NA,NA,NA,NA,NA,NA,NA,NA,NA,NA,NA,"",57.2901273148148
"160","ccebc4a0-9ac8-4fb9-9163-3efcec4b0e15","7ca6dff1-d228-4ac3-8a10-2731fbc7897d","SK28",53.0542098637,5.867175816,NA,2023-04-25 06:00:00,2023-05-12 09:26:05,NA,NA,NA,NA,NA,NA,NA,NA,NA,NA,NA,NA,NA,NA,NA,"",17.1431134259259
"161","d3446626-4675-4bd3-a823-7393451ca217","01f3b90a-160f-4650-9e1b-a60defd778e5","SK02",53.0613523348,5.8643316686,NA,2023-05-26 05:15:16,2023-05-26 05:34:04,NA,NA,NA,NA,NA,NA,NA,NA,NA,NA,NA,NA,NA,NA,NA,"",0.0130555555555556
"162","d37dbd63-61b6-4a9c-beb9-889ce20a6029","5982061a-e49d-4f45-ab28-d04f7c080f1d","SK25",53.054767419,5.8616518553,NA,2023-06-05 08:51:31,2023-06-06 09:30:09,NA,NA,NA,NA,NA,NA,NA,NA,NA,NA,NA,NA,NA,NA,NA,"",1.0268287037037
"163","d407f42d-a54b-41f2-b9f5-5394c75b2c87","35434171-5370-4bdc-8cba-092e3fc36fdc","SK18",53.0633547582,5.8794717252,NA,2023-05-23 13:56:58,2023-05-27 14:12:25,NA,NA,NA,NA,NA,NA,NA,NA,NA,NA,NA,NA,NA,NA,NA,"",4.01072916666667
"164","d4114d6a-43dd-43e6-adbb-7880cce1b602","4023449e-5faf-464f-a6d7-9dcfbd567f05","SK22",53.0604891582,5.8694973411,NA,2023-04-27 01:24:17,2023-04-29 06:00:00,NA,NA,NA,NA,NA,NA,NA,NA,NA,NA,NA,NA,NA,NA,NA,"",2.19146990740741
"165","d6e3f392-5978-4435-b882-db80de09d2f8","54a8b24d-2835-4d99-9f43-90857e673677","SK17",53.0608993206,5.8762460404,NA,2023-04-25 11:33:55,2023-04-28 11:50:16,NA,NA,NA,NA,NA,NA,NA,NA,NA,NA,NA,NA,NA,NA,NA,"",3.01135416666667
"166","d75986e2-8baf-484a-8766-524f75562be8","54a8b24d-2835-4d99-9f43-90857e673677","SK17",53.0608993206,5.8762460404,NA,2023-06-06 01:51:34,2023-06-06 14:59:01,NA,NA,NA,NA,NA,NA,NA,NA,NA,NA,NA,NA,NA,NA,NA,"",0.546840277777778
"167","da94400f-c33c-46d2-ac68-7962a6f75d66","5ddd7685-5a4f-4d14-afe7-c9cc016d8c75","SK06",53.0668117152,5.8670454133,NA,2023-03-26 07:20:56,2023-04-25 05:18:54,NA,NA,NA,NA,NA,NA,NA,NA,NA,NA,NA,NA,NA,NA,NA,"",29.9152546296296
"168","dc215740-b56e-4a6b-b4b9-ebdf034f87a6","37bec7be-273f-4606-bd41-ff5696a9ed34","SK14",53.065628152,5.8712071571,NA,2023-05-22 17:00:00,2023-06-07 14:24:58,NA,NA,NA,NA,NA,NA,NA,NA,NA,NA,NA,NA,NA,NA,NA,"",15.892337962963
"169","dc5ba30d-97bf-494e-9283-279ce676c0c6","dcbc885c-431d-4629-abbb-3966438f7f64","SK30",53.0576154728,5.8685330976,NA,2023-04-06 15:00:00,2023-04-29 06:05:48,NA,NA,NA,NA,NA,NA,NA,NA,NA,NA,NA,NA,NA,NA,NA,"",22.6290277777778
"170","dc73970d-50c1-4fbd-8762-e64a5fa03284","f2d8bbca-8bf3-4194-bd50-b935744c8b57","SK19",53.064099671,5.8749396983,NA,2023-05-22 14:36:57,2023-05-28 14:14:28,NA,NA,NA,NA,NA,NA,NA,NA,NA,NA,NA,NA,NA,NA,NA,"",5.98438657407407
"171","dd707011-6243-4251-b06b-b8455edaf369","2f0a36b9-746c-4e44-b1bc-e6f7353630ea","SK24",53.0559152384,5.8701167222,NA,2023-05-22 17:46:09,2023-05-31 20:00:00,NA,NA,NA,NA,NA,NA,NA,NA,NA,NA,NA,NA,NA,NA,NA,"",9.09295138888889
"172","dfe3e8b7-b491-4e40-8c21-4b68c2b6a06d","54a8b24d-2835-4d99-9f43-90857e673677","SK17",53.0608993206,5.8762460404,NA,2023-05-23 14:06:24,2023-06-05 10:23:59,NA,NA,NA,NA,NA,NA,NA,NA,NA,NA,NA,NA,NA,NA,NA,"",12.8455439814815
"173","e01edb28-6eef-4ce6-bcf8-14d945db3afe","f2d8bbca-8bf3-4194-bd50-b935744c8b57","SK19",53.064099671,5.8749396983,NA,2023-05-22 14:08:33,2023-05-22 14:36:32,NA,NA,NA,NA,NA,NA,NA,NA,NA,NA,NA,NA,NA,NA,NA,"",0.0194328703703704
"174","e1f3186d-91a8-4232-a3d1-8b8993bc1fe0","0bbd89df-8437-4029-8d21-7de4ac8de442","SK16",53.0623632742,5.8773121455,NA,2023-05-23 14:12:06,2023-06-07 14:43:12,NA,NA,NA,NA,NA,NA,NA,NA,NA,NA,NA,NA,NA,NA,NA,"Is dit wel SK16? Klopt niet qua data en andere foto.",15.0215972222222
"175","e39f7e54-4cb1-4a13-8644-5bea91d220c9","5982061a-e49d-4f45-ab28-d04f7c080f1d","SK25",53.054767419,5.8616518553,NA,2023-05-22 18:44:31,2023-06-05 08:51:31,NA,NA,NA,NA,NA,NA,NA,NA,NA,NA,NA,NA,NA,NA,NA,"",13.5881944444444
"176","e4e4df1f-3d64-4262-a946-7cbdf8f65e81","d3b636b4-a64d-4625-99d1-8a0304ed7814","SK09",53.0621554297,5.8658282814,NA,2023-04-30 06:28:59,2023-05-26 05:11:50,NA,NA,NA,NA,NA,NA,NA,NA,NA,NA,NA,NA,NA,NA,NA,"",25.9464236111111
"177","e6120cee-8882-41c4-85cc-19b1b4c527a8","1ca768db-c6df-4e50-9bfe-4a3e5f69df88","SK29",53.0535772299,5.865877064,NA,2023-04-25 06:00:00,2023-05-22 04:52:35,NA,NA,NA,NA,NA,NA,NA,NA,NA,NA,NA,NA,NA,NA,NA,"",26.9531828703704
"178","e6b2d377-c0e3-4cc4-8217-330498f6400d","35434171-5370-4bdc-8cba-092e3fc36fdc","SK18",53.0633547582,5.8794717252,NA,2023-05-19 13:26:08,2023-05-20 11:12:51,NA,NA,NA,NA,NA,NA,NA,NA,NA,NA,NA,NA,NA,NA,NA,"",0.90744212962963
"179","e84fec7f-3d8e-45bd-8c4e-f3e95b615796","697e5d53-e5d7-4c93-85d2-74324421b87b","SK21",53.0585132784,5.8664025732,NA,2023-05-19 10:43:01,2023-05-22 14:06:07,NA,NA,NA,NA,NA,NA,NA,NA,NA,NA,NA,NA,NA,NA,NA,"",3.14104166666667
"180","e8b79484-20b7-423e-89cd-74f27a0c5651","8e3381b3-f09a-4375-bfe9-3e0e5d36e5e6","SK15",53.064248473,5.8692219535,NA,2023-06-07 02:21:23,2023-06-07 14:20:46,NA,NA,NA,NA,NA,NA,NA,NA,NA,NA,NA,NA,NA,NA,NA,"",0.499571759259259
"181","e9711dbc-5f33-4e1e-942e-87d356522293","f7c7435e-3dbc-4c42-ad42-0dafb219418e","SK03",53.0599489211,5.863008639,NA,2023-06-03 14:35:20,2023-06-04 12:26:22,NA,NA,NA,NA,NA,NA,NA,NA,NA,NA,NA,NA,NA,NA,NA,"",0.910439814814815
"182","eaa5060b-7b0b-4f30-88e3-f308670fd1b9","1ca768db-c6df-4e50-9bfe-4a3e5f69df88","SK29",53.0535772299,5.865877064,NA,2023-03-26 11:23:29,2023-04-18 22:17:27,NA,NA,NA,NA,NA,NA,NA,NA,NA,NA,NA,NA,NA,NA,NA,"",23.4541435185185
"183","ecacb5be-4cda-4f1a-b110-adfa87b0b7d7","0bbd89df-8437-4029-8d21-7de4ac8de442","SK16",53.0623632742,5.8773121455,NA,2023-05-21 10:26:14,2023-05-22 12:03:02,NA,NA,NA,NA,NA,NA,NA,NA,NA,NA,NA,NA,NA,NA,NA,"",1.06722222222222
"184","ed450ed6-14dc-42d9-b55b-1b0429370678","7ca6dff1-d228-4ac3-8a10-2731fbc7897d","SK28",53.0542098637,5.867175816,NA,2023-05-17 13:00:00,2023-05-18 15:08:36,NA,NA,NA,NA,NA,NA,NA,NA,NA,NA,NA,NA,NA,NA,NA,"",1.08930555555556
"185","ed48819b-5f4d-406a-a6c0-f9781f1156ef","5982061a-e49d-4f45-ab28-d04f7c080f1d","SK25",53.054767419,5.8616518553,NA,2023-04-05 14:44:48,2023-04-25 05:06:15,NA,NA,NA,NA,NA,NA,NA,NA,NA,NA,NA,NA,NA,NA,NA,"",19.5982291666667
"186","eef28d87-8ae2-46d3-87fc-78c0e0760f2a","01f3b90a-160f-4650-9e1b-a60defd778e5","SK02",53.0613523348,5.8643316686,NA,2023-05-26 06:00:00,2023-06-02 12:36:55,NA,NA,NA,NA,NA,NA,NA,NA,NA,NA,NA,NA,NA,NA,NA,"",7.27563657407407
"187","f124a57a-e051-4c6e-99a2-0b7b7fbb5540","b18237ea-1ede-41af-985f-10750305172f","SK01",53.0602088711,5.8608618231,NA,2023-04-17 15:39:58,2023-05-11 10:33:23,NA,NA,NA,NA,NA,NA,NA,NA,NA,NA,NA,NA,NA,NA,NA,"",23.7870949074074
"188","f6135a41-cd28-4d62-86c6-c38a4662b911","01f3b90a-160f-4650-9e1b-a60defd778e5","SK02",53.0613523348,5.8643316686,NA,2023-06-04 11:25:54,2023-06-04 14:00:18,NA,NA,NA,NA,NA,NA,NA,NA,NA,NA,NA,NA,NA,NA,NA,"",0.107222222222222
"189","f8a3b74f-c54c-4c5b-a07b-ea9861de8efd","5ddd7685-5a4f-4d14-afe7-c9cc016d8c75","SK06",53.0668117152,5.8670454133,NA,2023-05-30 06:57:25,2023-06-07 14:13:15,NA,NA,NA,NA,NA,NA,NA,NA,NA,NA,NA,NA,NA,NA,NA,"",8.30266203703704
"190","f8f79699-90cf-492e-af84-d70eb0b59096","a32e8779-6b1f-4104-9e58-94f62f40b141","SK13",53.0657807461,5.8746308503,NA,2023-04-06 13:33:45,2023-04-25 05:30:40,NA,NA,NA,NA,NA,NA,NA,NA,NA,NA,NA,NA,NA,NA,NA,"",18.664525462963
"191","fae932c0-417c-41a5-8344-a7e162e01768","35434171-5370-4bdc-8cba-092e3fc36fdc","SK18",53.0633547582,5.8794717252,NA,2023-05-21 15:15:30,2023-05-22 16:34:29,NA,NA,NA,NA,NA,NA,NA,NA,NA,NA,NA,NA,NA,NA,NA,"",1.05484953703704
"192","fbbab413-5d22-4bb7-a55f-12984b973b02","99409599-e643-4af6-bce7-bd38e0ee52fa","SK10",53.0563689581,5.8589503191,NA,2023-04-29 12:38:06,2023-05-26 06:12:23,NA,NA,NA,NA,NA,NA,NA,NA,NA,NA,NA,NA,NA,NA,NA,"",26.7321412037037
"193","fd325ba4-e7c0-46f8-be12-9ea3715b357e","a32e8779-6b1f-4104-9e58-94f62f40b141","SK13",53.0657807461,5.8746308503,NA,2023-05-22 14:44:40,2023-06-07 14:36:21,NA,NA,NA,NA,NA,NA,NA,NA,NA,NA,NA,NA,NA,NA,NA,"",15.994224537037
"194","fd51fb17-b1bf-4a8c-a872-e3f60bf2cdbf","a32e8779-6b1f-4104-9e58-94f62f40b141","SK13",53.0657807461,5.8746308503,NA,2023-03-26 07:14:08,2023-04-06 13:26:34,NA,NA,NA,NA,NA,NA,NA,NA,NA,NA,NA,NA,NA,NA,NA,"",11.2586342592593
"195","ffb90969-5860-47d3-ae69-f8b40073bc19","5ddd7685-5a4f-4d14-afe7-c9cc016d8c75","SK06",53.0668117152,5.8670454133,NA,2023-05-18 09:08:45,2023-05-18 12:02:19,NA,NA,NA,NA,NA,NA,NA,NA,NA,NA,NA,NA,NA,NA,NA,"",0.120532407407407
